{"cameraMode":{"drawMode":0,"name":"Shaded","section":"Shading Mode"},"sceneLighting":true,"audioPlay":false,"sceneViewState":{"m_AlwaysRefresh":false,"showFog":true,"showSkybox":true,"showFlares":true,"showImageEffects":true,"showParticleSystems":true,"showVisualEffectGraphs":true,"m_FxEnabled":true},"in2DMode":false,"pivot":{"x":1.7825466394424439,"y":-15.437591552734375,"z":11.661413192749024},"rotation":{"x":0.415556937456131,"y":0.1436261534690857,"z":-0.06663602590560913,"w":0.8956828117370606},"size":16.508413314819337,"orthographic":false}