{"cameraMode":{"drawMode":0,"name":"Shaded","section":"Shading Mode"},"sceneLighting":true,"audioPlay":false,"sceneViewState":{"m_AlwaysRefresh":false,"showFog":true,"showSkybox":true,"showFlares":true,"showImageEffects":true,"showParticleSystems":true,"showVisualEffectGraphs":true,"m_FxEnabled":true},"in2DMode":false,"pivot":{"x":-1.0206719636917115,"y":-3.691988229751587,"z":5.987720966339111},"rotation":{"x":0.6853153705596924,"y":-0.009591368958353997,"z":0.009054204449057579,"w":0.7281472086906433},"size":8.380765914916993,"orthographic":false}