{"cameraMode":{"drawMode":0,"name":"Shaded","section":"Shading Mode"},"sceneLighting":false,"audioPlay":false,"sceneViewState":{"m_AlwaysRefresh":false,"showFog":true,"showSkybox":false,"showFlares":true,"showImageEffects":true,"showParticleSystems":true,"showVisualEffectGraphs":true,"m_FxEnabled":true},"in2DMode":false,"pivot":{"x":1.172860860824585,"y":-2.260463237762451,"z":2.0100162029266359},"rotation":{"x":0.6279124617576599,"y":0.011160743422806263,"z":-0.009271297603845597,"w":0.7781870365142822},"size":7.224847316741943,"orthographic":false}